,precision,recall,f1-score,support
0,0.9908943249495497,0.9062345262210219,0.9466754443712969,22215.0
1,0.16008064516129034,0.6821305841924399,0.25930764206401047,582.0
accuracy,0.9005132254243979,0.9005132254243979,0.9005132254243979,0.9005132254243979
macro avg,0.57548748505542,0.7941825552067309,0.6029915432176537,22797.0
weighted avg,0.9696839217545341,0.9005132254243979,0.9291271678023255,22797.0
